"","Motif_ID","ORI_Random1","ORI_Random2","ORI_Random3","ORI_Random4","ORI_Random5","ORI_Random6","ORI_Random7","ORI_Random8","ORI_Random9","ORI_Random10","ORI_Random11","ORI_Random12","ORI_Random13","ORI_Random14","ORI_Random15","ORI_Random16","ORI_Random17","ORI_Random18","ORI_Random19","ORI_Random20","ORI_Random21","ORI_Random22","ORI_Random23","ORI_Random24","ORI_Random25","NumRefGene","PctRefGene","NumRandomGene","PctRandomGene","ORI_ave","ORI_SD","TF_Name","ENSEMBLE_ID","TF_ID","TF_Species","Family_Name","Family_ID","width","p_ttest","padj","CombinedScore","Rank"
"M03335_2.00","M03335_2.00",22.22,50.89,207.19,22.41,49.09,49.32,51.09,12.36,2.94,50.32,22.59,21.75,12.37,7.97,23.08,50.61,22.12,4,200.64,22.37,8.08,12.68,21.77,12.08,49.93,13,10.45,2.24,2.4184,40.3948,50.8963429035918,"IRF8","ENSG00000140968","T244082_2.00","Homo_sapiens","IRF","F243_2.00",14,0.000466981730248645,0.0102735980654702,422.12566,1
"M03337_2.00","M03337_2.00",4.52,17.23,6.44,6.76,4.4,16.7,6.84,14.88,8.95,6.74,4.56,9.04,8.62,10.04,8.79,12.34,4.81,4.66,19.41,13.64,3.08,5.52,4.39,18.41,11.27,31,23.88,11.16,9.0752,9.2816,4.82796990877118,"IRF7","ENSG00000185507","T244084_2.00","Homo_sapiens","IRF","F243_2.00",14,1.01542281969971e-08,2.23393020333936e-07,221.644608,2
"M03333_2.00","M03333_2.00",1.88,2.16,2.88,1.79,1.57,2.62,1.74,2.03,1.92,1.92,2.2,2.38,1.61,2.62,1.96,3.05,1.98,1.65,3.27,2.4,2.35,2.8,2.32,2.25,2.18,72,54.48,49.24,37.492,2.2212,0.445711296693274,"IRF5","ENSG00000128604","T244080_2.00","Homo_sapiens","IRF","F243_2.00",11,2.45985026042563e-11,5.41167057293639e-10,121.010976,3
