"","Motif_ID","ORI_Random1","ORI_Random2","ORI_Random3","ORI_Random4","ORI_Random5","ORI_Random6","ORI_Random7","ORI_Random8","ORI_Random9","ORI_Random10","ORI_Random11","ORI_Random12","ORI_Random13","ORI_Random14","ORI_Random15","ORI_Random16","ORI_Random17","ORI_Random18","ORI_Random19","ORI_Random20","ORI_Random21","ORI_Random22","ORI_Random23","ORI_Random24","ORI_Random25","NumRefGene","PctRefGene","NumRandomGene","PctRandomGene","ORI_ave","ORI_SD","TF_Name","ENSEMBLE_ID","TF_ID","TF_Species","Family_Name","Family_ID","width","p_ttest","padj","CombinedScore","Rank"
"M03335_2.00","M03335_2.00",49.04,22.89,8.16,12.45,51.87,50.99,12.81,22.63,50.72,10.01,206.23,195.12,50.37,22.68,12.79,22.27,22.67,22.74,22.58,7.91,5.6,7.88,8.04,21.51,22.64,13,10.45,2.24,2.4188,37.704,50.3192091352795,"IRF8","ENSG00000140968","T244082_2.00","Homo_sapiens","IRF","F243_2.00",14,0.000805913230659777,0.0177300910745151,394.0068,1
"M03337_2.00","M03337_2.00",5.69,10.38,6.34,2.89,6.49,4.57,8.68,13.8,10.22,7.82,5.61,7.04,21.93,4.36,7.38,5.82,4.86,5.54,4.84,4.43,12.29,9.1,4,18.44,19.4,31,23.88,12,9.702,8.4768,4.97822194764356,"IRF7","ENSG00000185507","T244084_2.00","Homo_sapiens","IRF","F243_2.00",14,1.05814648976758e-07,2.32792227748867e-06,202.425984,2
"M03333_2.00","M03333_2.00",1.67,2.17,1.94,1.67,2.46,1.65,2.69,2.04,2.99,2.04,1.96,2.21,2.77,3.29,2.15,2.14,2.64,2.86,1.98,3.3,2.31,1.9,1.8,2.36,2.18,72,54.48,48.76,37.1348,2.2868,0.468185604221232,"IRF5","ENSG00000128604","T244080_2.00","Homo_sapiens","IRF","F243_2.00",11,1.88563713533841e-11,4.1484016977445e-10,124.584864,3
"M02685_2.00","M02685_2.00",1.54,1.59,2.2,1.23,1.5,1.67,1.16,1.56,1.25,1.45,1.16,2.53,1.9,1.4,1.24,1.22,1.1,1.08,2.15,1.69,1.16,1.27,2.54,2.68,2.64,58,44.03,48.48,36.9256,1.6364,0.511866232525647,"PBX1","ENSG00000185630","T209930_2.00","Homo_sapiens","Homeodomain","F223_2.00",12,0.000168417676965561,0.00370518889324234,72.050692,4
"M03330_2.00","M03330_2.00",2.18,1.87,3.19,1.11,1.44,3.19,2.56,0.97,3.22,4.09,1.13,3.05,8.06,2.83,2.27,3.13,8.16,2.27,1.85,5.49,1.31,3.52,1.52,5.38,2.06,13,10.45,7.8,6.5676,3.034,1.89501451181779,"HSF1","ENSG00000185122","T240228_2.00","Homo_sapiens","HSF","F238_2.00",13,4.00896480209754e-05,0.000881972256461459,31.7053,5
